,Deutsch,Wissenschaftlich
0,Haselhuhn,Tetrastes+bonasia
1,Auerhuhn,Tetrao+urogallus
2,Birkhuhn,Lyrurus+tetrix
3,Kaukasusbirkhuhn,Lyrurus+mlokosiewiczi
4,Alpenschneehuhn,Lagopus+muta
5,Moorschneehuhn,Lagopus+lagopus
6,Kaspikönigshuhn,Tetraogallus+caspius
7,Chukarhuhn,Alectoris+chukar
8,Felsenhuhn,Alectoris+barbara
9,Rothuhn,Alectoris+rufa
10,Persisches Wüstenhuhn,Ammoperdix+griseogularis
11,Halsbandfrankolin,Francolinus+francolinus
12,Rebhuhn,Perdix+perdix
13,Bartrebhuhn,Perdix+dauurica
14,Wachtel,Coturnix+coturnix
15,Königsfasan,Syrmaticus+reevesii
16,Jagdfasan,Phasianus+colchicus
17,Goldfasan,Chrysolophus+pictus
18,Diamantfasan,Chrysolophus+amherstiae
19,Witwenpfeifgans,Dendrocygna+viduata
20,Ringelgans,Branta+bernicla
21,Rothalsgans,Branta+ruficollis
22,Kanadagans,Branta+canadensis
23,Weißwangengans,Branta+leucopsis
24,Zwergkanadagans,Branta+hutchinsii
25,Streifengans,Anser+indicus
26,Kaisergans,Anser+canagicus
27,Zwergschneegans,Anser+rossii
28,Schneegans,Anser+caerulescens
29,Graugans,Anser+anser
30,Schwanengans,Anser+cygnoides
31,Waldsaatgans,Anser+fabalis
32,Kurzschnabelgans,Anser+brachyrhynchus
33,Tundrasaatgans,Anser+serrirostris
34,Blässgans,Anser+albifrons
35,Zwerggans,Anser+erythropus
36,Schwarzschwan,Cygnus+atratus
37,Höckerschwan,Cygnus+olor
38,Zwergschwan,Cygnus+columbianus
39,Singschwan,Cygnus+cygnus
40,Nilgans,Alopochen+aegyptiaca
41,Magellangans,Chloephaga+picta
42,Brandgans,Tadorna+tadorna
43,Rostgans,Tadorna+ferruginea
44,Graukopfkasarka,Tadorna+cana
45,Moschusente,Cairina+moschata
46,Brautente,Aix+sponsa
47,Mandarinente,Aix+galericulata
48,Gluckente,Sibirionetta+formosa
49,Knäkente,Spatula+querquedula
50,Blauflügelente,Spatula+discors
51,Löffelente,Spatula+clypeata
52,Schnatterente,Mareca+strepera
53,Sichelente,Mareca+falcata
54,Pfeifente,Mareca+penelope
55,Kanadapfeifente,Mareca+americana
56,Stockente,Anas+platyrhynchos
57,Dunkelente,Anas+rubripes
58,Fahlente,Anas+capensis
59,Spießente,Anas+acuta
60,Krickente,Anas+crecca
61,Carolinakrickente,Anas+carolinensis
62,Marmelente,Marmaronetta+angustirostris
63,Kolbenente,Netta+rufina
64,Riesentafelente,Aythya+valisineria
65,Rotkopfente,Aythya+americana
66,Tafelente,Aythya+ferina
67,Moorente,Aythya+nyroca
68,Ringschnabelente,Aythya+collaris
69,Reiherente,Aythya+fuligula
70,Bergente,Aythya+marila
71,Kanadabergente,Aythya+affinis
72,Scheckente,Polysticta+stelleri
73,Prachteiderente,Somateria+spectabilis
74,Eiderente,Somateria+mollissima
75,Kragenente,Histrionicus+histrionicus
76,Brillenente,Melanitta+perspicillata
77,Samtente,Melanitta+fusca
78,Höckersamtente,Melanitta+deglandi
79,Trauerente,Melanitta+nigra
80,Pazifiktrauerente,Melanitta+americana
81,Eisente,Clangula+hyemalis
82,Büffelkopfente,Bucephala+albeola
83,Schellente,Bucephala+clangula
84,Spatelente,Bucephala+islandica
85,Zwergsäger,Mergellus+albellus
86,Kappensäger,Lophodytes+cucullatus
87,Gänsesäger,Mergus+merganser
88,Mittelsäger,Mergus+serrator
89,Schwarzkopf-Ruderente,Oxyura+jamaicensis
90,Weißkopf-Ruderente,Oxyura+leucocephala
91,Falkennachtschwalbe,Chordeiles+minor
92,Rothals-Ziegenmelker,Caprimulgus+ruficollis
93,Nachtschwalbe,Caprimulgus+europaeus
94,Pharaonennachtschwalbe,Caprimulgus+aegyptius
95,Stachelschwanzsegler,Hirundapus+caudacutus
96,Schornsteinsegler,Chaetura+pelagica
97,Alpensegler,Tachymarptis+melba
98,Mauersegler,Apus+apus
99,Fahlsegler,Apus+pallidus
100,Haussegler,Apus+affinis
101,Kaffernsegler,Apus+caffer
102,Großtrappe,Otis+tarda
103,Steppenkragentrappe,Chlamydotis+macqueenii
104,Zwergtrappe,Tetrax+tetrax
105,Häherkuckuck,Clamator+glandarius
106,Gelbschnabelkuckuck,Coccyzus+americanus
107,Schwarzschnabelkuckuck,Coccyzus+erythropthalmus
108,Hopfkuckuck,Cuculus+saturatus
109,Kuckuck,Cuculus+canorus
110,Steppenflughuhn,Syrrhaptes+paradoxus
111,Spießflughuhn,Pterocles+alchata
112,Tropfenflughuhn,Pterocles+senegallus
113,Sandflughuhn,Pterocles+orientalis
114,Felsentaube,Columba+livia
115,Hohltaube,Columba+oenas
116,Ringeltaube,Columba+palumbus
117,Turteltaube,Streptopelia+turtur
118,Orientturteltaube,Streptopelia+orientalis
119,Türkentaube,Streptopelia+decaocto
120,Lachtaube,Streptopelia+roseogrisea
121,Palmtaube,Spilopelia+senegalensis
122,Kaptäubchen,Oena+capensis
123,Carolinataube,Zenaida+macroura
124,Wasserralle,Rallus+aquaticus
125,Wachtelkönig,Crex+crex
126,Kleinsumpfhuhn,Porzana+parva
127,Zwergsumpfhuhn,Porzana+pusilla
128,Tüpfelsumpfhuhn,Porzana+porzana
129,Carolinasumpfhuhn,Porzana+carolina
130,Purpurhuhn,Porphyrio+porphyrio
131,Bronzesultanshuhn,Porphyrio+alleni
132,Zwergsultanshuhn,Porphyrio+martinica
133,Teichhuhn,Gallinula+chloropus
134,Kammblässhuhn,Fulica+cristata
135,Blässhuhn,Fulica+atra
136,Amerikanisches Blässhuhn,Fulica+americana
137,Schneekranich,Leucogeranus+leucogeranus
138,Kanadakranich,Antigone+canadensis
139,Jungfernkranich,Grus+virgo
140,Kranich,Grus+grus
141,Zwergtaucher,Tachybaptus+ruficollis
142,Bindentaucher,Podilymbus+podiceps
143,Rothalstaucher,Podiceps+grisegena
144,Haubentaucher,Podiceps+cristatus
145,Ohrentaucher,Podiceps+auritus
146,Schwarzhalstaucher,Podiceps+nigricollis
147,Rosaflamingo,Phoenicopterus+roseus
148,Zwergflamingo,Phoeniconaias+minor
149,Laufhühnchen,Turnix+sylvaticus
150,Triel,Burhinus+oedicnemus
151,Austernfischer,Haematopus+ostralegus
152,Stelzenläufer,Himantopus+himantopus
153,Säbelschnäbler,Recurvirostra+avosetta
154,Kiebitz,Vanellus+vanellus
155,Spornkiebitz,Vanellus+spinosus
156,Rotlappenkiebitz,Vanellus+indicus
157,Steppenkiebitz,Vanellus+gregarius
158,Weißschwanzkiebitz,Vanellus+leucurus
159,Goldregenpfeifer,Pluvialis+apricaria
160,Tundra-Goldregenpfeifer,Pluvialis+fulva
161,Prärie-Goldregenpfeifer,Pluvialis+dominica
162,Kiebitzregenpfeifer,Pluvialis+squatarola
163,Sandregenpfeifer,Charadrius+hiaticula
164,Amerikanischer Sandregenpfeifer,Charadrius+semipalmatus
165,Flussregenpfeifer,Charadrius+dubius
166,Keilschwanz-Regenpfeifer,Charadrius+vociferus
167,Seeregenpfeifer,Charadrius+alexandrinus
168,Mongolenregenpfeifer,Charadrius+mongolus
169,Wüstenregenpfeifer,Charadrius+leschenaultii
170,Wermutregenpfeifer,Charadrius+asiaticus
171,Mornellregenpfeifer,Charadrius+morinellus
172,Prärieläufer,Bartramia+longicauda
173,Regenbrachvogel,Numenius+phaeopus
174,Zwergbrachvogel,Numenius+minutus
175,Eskimobrachvogel,Numenius+borealis
176,Dünnschnabel-Brachvogel,Numenius+tenuirostris
177,Brachvogel,Numenius+arquata
178,Pfuhlschnepfe,Limosa+lapponica
179,Uferschnepfe,Limosa+limosa
180,Hudsonschnepfe,Limosa+haemastica
181,Steinwälzer,Arenaria+interpres
182,Anadyrknutt,Calidris+tenuirostris
183,Knutt,Calidris+canutus
184,Kampfläufer,Calidris+pugnax
185,Sumpfläufer,Calidris+falcinellus
186,Spitzschwanz-Strandläufer,Calidris+acuminata
187,Bindenstrandläufer,Calidris+himantopus
188,Sichelstrandläufer,Calidris+ferruginea
189,Temminckstrandläufer,Calidris+temminckii
190,Langzehen-Strandläufer,Calidris+subminuta
191,Rotkehl-Strandläufer,Calidris+ruficollis
192,Sanderling,Calidris+alba
193,Alpenstrandläufer,Calidris+alpina
194,Meerstrandläufer,Calidris+maritima
195,Bairdstrandläufer,Calidris+bairdii
196,Zwergstrandläufer,Calidris+minuta
197,Wiesenstrandläufer,Calidris+minutilla
198,Weißbürzel-Strandläufer,Calidris+fuscicollis
199,Grasläufer,Calidris+subruficollis
200,Graubrust-Strandläufer,Calidris+melanotos
201,Sandstrandläufer,Calidris+pusilla
202,Bergstrandläufer,Calidris+mauri
203,Tundraschlammläufer,Limnodromus+scolopaceus
204,Moorschlammläufer,Limnodromus+griseus
205,Waldschnepfe,Scolopax+rusticola
206,Zwergschnepfe,Lymnocryptes+minimus
207,Doppelschnepfe,Gallinago+media
208,Bekassine,Gallinago+gallinago
209,Terekwasserläufer,Xenus+cinereus
210,Wilsonwassertreter,Phalaropus+tricolor
211,Odinshühnchen,Phalaropus+lobatus
212,Thorshühnchen,Phalaropus+fulicarius
213,Flussuferläufer,Actitis+hypoleucos
214,Drosseluferläufer,Actitis+macularius
215,Waldwasserläufer,Tringa+ochropus
216,Einsamer Wasserläufer,Tringa+solitaria
217,Grauschwanz-Wasserläufer,Tringa+brevipes
218,Gelbschenkel,Tringa+flavipes
219,Rotschenkel,Tringa+totanus
220,Teichwasserläufer,Tringa+stagnatilis
221,Bruchwasserläufer,Tringa+glareola
222,Dunkelwasserläufer,Tringa+erythropus
223,Grünschenkel,Tringa+nebularia
224,Großer Gelbschenkel,Tringa+melanoleuca
225,Reiherläufer,Dromas+ardeola
226,Rennvogel,Cursorius+cursor
227,Rotflügel-Brachschwalbe,Glareola+pratincola
228,Orientbrachschwalbe,Glareola+maldivarum
229,Schwarzflügel-Brachschwalbe,Glareola+nordmanni
230,Dreizehenmöwe,Rissa+tridactyla
231,Elfenbeinmöwe,Pagophila+eburnea
232,Schwalbenmöwe,Xema+sabini
233,Dünnschnabelmöwe,Chroicocephalus+genei
234,Bonapartemöwe,Chroicocephalus+philadelphia
235,Lachmöwe,Chroicocephalus+ridibundus
236,Zwergmöwe,Hydrocoloeus+minutus
237,Rosenmöwe,Rhodostethia+rosea
238,Aztekenmöwe,Leucophaeus+atricilla
239,Präriemöwe,Leucophaeus+pipixcan
240,Korallenmöwe,Ichthyaetus+audouinii
241,Schwarzkopfmöwe,Ichthyaetus+melanocephalus
242,Fischmöwe,Ichthyaetus+ichthyaetus
243,Sturmmöwe,Larus+canus
244,Ringschnabelmöwe,Larus+delawarensis
245,Mantelmöwe,Larus+marinus
246,Beringmöwe,Larus+glaucescens
247,Eismöwe,Larus+hyperboreus
248,Polarmöwe,Larus+glaucoides
249,Silbermöwe,Larus+argentatus
250,Kanadamöwe,Larus+smithsonianus
251,Steppenmöwe,Larus+cachinnans
252,Mittelmeermöwe,Larus+michahellis
253,Armenienmöwe,Larus+armenicus
254,Heringsmöwe,Larus+fuscus
255,Lachseeschwalbe,Gelochelidon+nilotica
256,Raubseeschwalbe,Hydroprogne+caspia
257,Königsseeschwalbe,Thalasseus+maximus
258,Rüppellseeschwalbe,Thalasseus+bengalensis
259,Brandseeschwalbe,Thalasseus+sandvicensis
260,Schmuckseeschwalbe,Thalasseus+elegans
261,Zwergseeschwalbe,Sternula+albifrons
262,Zügelseeschwalbe,Onychoprion+anaethetus
263,Rußseeschwalbe,Onychoprion+fuscatus
264,Rosenseeschwalbe,Sterna+dougallii
265,Flussseeschwalbe,Sterna+hirundo
266,Küstenseeschwalbe,Sterna+paradisaea
267,Forsterseeschwalbe,Sterna+forsteri
268,Weißbart-Seeschwalbe,Chlidonias+hybrida
269,Weißflügel-Seeschwalbe,Chlidonias+leucopterus
270,Trauerseeschwalbe,Chlidonias+niger
271,Antarktikskua,Stercorarius+maccormicki
272,Subantarktikskua,Stercorarius+antarcticus
273,Skua,Stercorarius+skua
274,Spatelraubmöwe,Stercorarius+pomarinus
275,Schmarotzerraubmöwe,Stercorarius+parasiticus
276,Falkenraubmöwe,Stercorarius+longicaudus
277,Krabbentaucher,Alle+alle
278,Dickschnabellumme,Uria+lomvia
279,Trottellumme,Uria+aalge
280,Tordalk,Alca+torda
281,Gryllteiste,Cepphus+grylle
282,Langschnabelalk,Brachyramphus+perdix
283,Silberalk,Synthliboramphus+antiquus
284,Papageitaucher,Fratercula+arctica
285,Rotschnabel-Tropikvogel,Phaethon+aethereus
286,Sterntaucher,Gavia+stellata
287,Prachttaucher,Gavia+arctica
288,Pazifiktaucher,Gavia+pacifica
289,Eistaucher,Gavia+immer
290,Gelbschnabeltaucher,Gavia+adamsii
291,Buntfuß-Sturmschwalbe,Oceanites+oceanicus
292,Weißgesicht-Sturmschwalbe,Pelagodroma+marina
293,Schwarzbrauenalbatros,Thalassarche+melanophris
294,Atlantik-Gelbnasenalbatros,Thalassarche+chlororhynchos
295,Sturmschwalbe,Hydrobates+pelagicus
296,Madeirawellenläufer,Oceanodroma+castro
297,Swinhoewellenläufer,Oceanodroma+monorhis
298,Wellenläufer,Oceanodroma+leucorhoa
299,Eissturmvogel,Fulmarus+glacialis
300,Kapverdensturmvogel,Pterodroma+feae
301,Corysturmtaucher,Calonectris+borealis
302,Dunkelsturmtaucher,Ardenna+grisea
303,Kappensturmtaucher,Ardenna+gravis
304,Atlantiksturmtaucher,Puffinus+puffinus
305,Mittelmeer-Sturmtaucher,Puffinus+yelkouan
306,Balearensturmtaucher,Puffinus+mauretanicus
307,Barolosturmtaucher,Puffinus+baroli
308,Bulwersturmvogel,Bulweria+bulwerii
309,Nimmersatt,Mycteria+ibis
310,Schwarzstorch,Ciconia+nigra
311,Weißstorch,Ciconia+ciconia
312,Adlerfregattvogel,Fregata+aquila
313,Prachtfregattvogel,Fregata+magnificens
314,Basstölpel,Morus+bassanus
315,Zwergscharbe,Microcarbo+pygmaeus
316,Ohrenscharbe,Phalacrocorax+auritus
317,Krähenscharbe,Phalacrocorax+aristotelis
318,Kormoran,Phalacrocorax+carbo
319,Waldrapp,Geronticus+eremita
320,Sichler,Plegadis+falcinellus
321,Löffler,Platalea+leucorodia
322,Rohrdommel,Botaurus+stellaris
323,Nordamerikanische Rohrdommel,Botaurus+lentiginosus
324,Zwergdommel,Ixobrychus+minutus
325,Nachtreiher,Nycticorax+nycticorax
326,Grünreiher,Butorides+virescens
327,Rallenreiher,Ardeola+ralloides
328,Kuhreiher,Bubulcus+ibis
329,Graureiher,Ardea+cinerea
330,Purpurreiher,Ardea+purpurea
331,Silberreiher,Ardea+alba
332,Blaureiher,Egretta+caerulea
333,Schmuckreiher,Egretta+thula
334,Seidenreiher,Egretta+garzetta
335,Küstenreiher,Egretta+gularis
336,Rosapelikan,Pelecanus+onocrotalus
337,Rötelpelikan,Pelecanus+rufescens
338,Krauskopfpelikan,Pelecanus+crispus
339,Rabengeier,Coragyps+atratus
340,Fischadler,Pandion+haliaetus
341,Gleitaar,Elanus+caeruleus
342,Bartgeier,Gypaetus+barbatus
343,Schmutzgeier,Neophron+percnopterus
344,Wespenbussard,Pernis+apivorus
345,Weißrückengeier,Gyps+africanus
346,Gänsegeier,Gyps+fulvus
347,Mönchsgeier,Aegypius+monachus
348,Schlangenadler,Circaetus+gallicus
349,Schreiadler,Clanga+pomarina
350,Schelladler,Clanga+clanga
351,Zwergadler,Hieraaetus+pennatus
352,Savannenadler,Aquila+rapax
353,Steppenadler,Aquila+nipalensis
354,Spanischer Kaiseradler,Aquila+adalberti
355,Kaiseradler,Aquila+heliaca
356,Steinadler,Aquila+chrysaetos
357,Habichtsadler,Aquila+fasciata
358,Schikrasperber,Accipiter+badius
359,Kurzfangsperber,Accipiter+brevipes
360,Sperber,Accipiter+nisus
361,Habicht,Accipiter+gentilis
362,Rohrweihe,Circus+aeruginosus
363,Kornweihe,Circus+cyaneus
364,Hudsonweihe,Circus+hudsonius
365,Steppenweihe,Circus+macrourus
366,Wiesenweihe,Circus+pygargus
367,Rotmilan,Milvus+milvus
368,Schwarzmilan,Milvus+migrans
369,Bindenseeadler,Haliaeetus+leucoryphus
370,Seeadler,Haliaeetus+albicilla
371,Weißkopf-Seeadler,Haliaeetus+leucocephalus
372,Raufußbussard,Buteo+lagopus
373,Adlerbussard,Buteo+rufinus
374,Mäusebussard,Buteo+buteo
375,Schleiereule,Tyto+alba
376,Streifen-Zwergohreule,Otus+brucei
377,Zwergohreule,Otus+scops
378,Schneeeule,Bubo+scandiacus
379,Uhu,Bubo+bubo
380,Fischuhu,Ketupa+zeylonensis
381,Waldkauz,Strix+aluco
382,Habichtskauz,Strix+uralensis
383,Bartkauz,Strix+nebulosa
384,Sperbereule,Surnia+ulula
385,Sperlingskauz,Glaucidium+passerinum
386,Steinkauz,Athene+noctua
387,Raufußkauz,Aegolius+funereus
388,Waldohreule,Asio+otus
389,Sumpfohreule,Asio+flammeus
390,Wiedehopf,Upupa+epops
391,Bengalenracke,Coracias+benghalensis
392,Blauracke,Coracias+garrulus
393,Braunliest,Halcyon+smyrnensis
394,Eisvogel,Alcedo+atthis
395,Gürtelfischer,Megaceryle+alcyon
396,Graufischer,Ceryle+rudis
397,Blauwangenspint,Merops+persicus
398,Bienenfresser,Merops+apiaster
399,Wendehals,Jynx+torquilla
400,Gelbbauch-Saftlecker,Sphyrapicus+varius
401,Dreizehenspecht,Picoides+tridactylus
402,Mittelspecht,Dendrocoptes+medius
403,Kleinspecht,Dryobates+minor
404,Blutspecht,Dendrocopos+syriacus
405,Buntspecht,Dendrocopos+major
406,Weißrückenspecht,Dendrocopos+leucotos
407,Schwarzspecht,Dryocopus+martius
408,Grünspecht,Picus+viridis
409,Grauspecht,Picus+canus
410,Rötelfalke,Falco+naumanni
411,Turmfalke,Falco+tinnunculus
412,Buntfalke,Falco+sparverius
413,Rotfußfalke,Falco+vespertinus
414,Amurfalke,Falco+amurensis
415,Eleonorenfalke,Falco+eleonorae
416,Schieferfalke,Falco+concolor
417,Merlin,Falco+columbarius
418,Baumfalke,Falco+subbuteo
419,Lannerfalke,Falco+biarmicus
420,Würgfalke,Falco+cherrug
421,Gerfalke,Falco+rusticolus
422,Wanderfalke,Falco+peregrinus
423,Mönchssittich,Myiopsitta+monachus
424,Alexandersittich,Psittacula+eupatria
425,Halsbandsittich,Psittacula+krameri
426,Weißbauch-Phoebetyrann,Sayornis+phoebe
427,Erlenschnäppertyrann,Empidonax+alnorum
428,Braunwürger,Lanius+cristatus
429,Neuntöter,Lanius+collurio
430,Isabellwürger,Lanius+isabellinus
431,Rotschwanzwürger,Lanius+phoenicuroides
432,Schachwürger,Lanius+schach
433,Schwarzstirnwürger,Lanius+minor
434,Raubwürger,Lanius+excubitor
435,Iberienraubwürger,Lanius+meridionalis
436,Rotkopfwürger,Lanius+senator
437,Maskenwürger,Lanius+nubicus
438,Gelbkehlvireo,Vireo+flavifrons
439,Philadelphiavireo,Vireo+philadelphicus
440,Rotaugenvireo,Vireo+olivaceus
441,Pirol,Oriolus+oriolus
442,Unglückshäher,Perisoreus+infaustus
443,Eichelhäher,Garrulus+glandarius
444,Blauelster,Cyanopica+cooki
445,Elster,Pica+pica
446,Tannenhäher,Nucifraga+caryocatactes
447,Alpenkrähe,Pyrrhocorax+pyrrhocorax
448,Alpendohle,Pyrrhocorax+graculus
449,Dohle,Coloeus+monedula
450,Glanzkrähe,Corvus+splendens
451,Saatkrähe,Corvus+frugilegus
452,Rabenkrähe,Corvus+corone
453,Nebelkrähe,Corvus+cornix
454,Wüstenrabe,Corvus+ruficollis
455,Kolkrabe,Corvus+corax
456,Borstenrabe,Corvus+rhipidurus
457,Seidenschwanz,Bombycilla+garrulus
458,Tannenmeise,Periparus+ater
459,Haubenmeise,Lophophanes+cristatus
460,Balkanmeise,Poecile+lugubris
461,Sumpfmeise,Poecile+palustris
462,Weidenmeise,Poecile+montanus
463,Blaumeise,Cyanistes+caeruleus
464,Lasurmeise,Cyanistes+cyanus
465,Kohlmeise,Parus+major
466,Beutelmeise,Remiz+pendulinus
467,Bartmeise,Panurus+biarmicus
468,Steinlerche,Ammomanes+deserti
469,Sandlerche,Ammomanes+cinctura
470,Heidelerche,Lullula+arborea
471,Weißflügellerche,Alauda+leucoptera
472,Feldlerche,Alauda+arvensis
473,Theklalerche,Galerida+theklae
474,Haubenlerche,Galerida+cristata
475,Ohrenlerche,Eremophila+alpestris
476,Kurzzehenlerche,Calandrella+brachydactyla
477,Bergkalanderlerche,Melanocorypha+bimaculata
478,Kalanderlerche,Melanocorypha+calandra
479,Schwarzsteppenlerche,Melanocorypha+yeltoniensis
480,Stummellerche,Alaudala+rufescens
481,Gelbsteißbülbül,Pycnonotus+xanthopygos
482,Uferschwalbe,Riparia+riparia
483,Rauchschwalbe,Hirundo+rustica
484,Felsenschwalbe,Ptyonoprogne+rupestris
485,Steinschwalbe,Ptyonoprogne+fuligula
486,Mehlschwalbe,Delichon+urbicum
487,Rötelschwalbe,Cecropis+daurica
488,Fahlstirnschwalbe,Petrochelidon+pyrrhonota
489,Seidensänger,Cettia+cetti
490,Schwanzmeise,Aegithalos+caudatus
491,Waldlaubsänger,Phylloscopus+sibilatrix
492,Berglaubsänger,Phylloscopus+bonelli
493,Balkanlaubsänger,Phylloscopus+orientalis
494,Tienschan-Laubsänger,Phylloscopus+humei
495,Gelbbrauen-Laubsänger,Phylloscopus+inornatus
496,Goldhähnchen-Laubsänger,Phylloscopus+proregulus
497,Bartlaubsänger,Phylloscopus+schwarzi
498,Dunkellaubsänger,Phylloscopus+fuscatus
499,Fitis,Phylloscopus+trochilus
500,Bergzilpzalp,Phylloscopus+sindianus
501,Zilpzalp,Phylloscopus+collybita
502,Iberienzilpzalp,Phylloscopus+ibericus
503,Kronenlaubsänger,Phylloscopus+coronatus
504,Grünlaubsänger,Phylloscopus+trochiloides
505,Wanderlaubsänger,Phylloscopus+borealis
506,Drosselrohrsänger,Acrocephalus+arundinaceus
507,Mariskenrohrsänger,Acrocephalus+melanopogon
508,Seggenrohrsänger,Acrocephalus+paludicola
509,Schilfrohrsänger,Acrocephalus+schoenobaenus
510,Feldrohrsänger,Acrocephalus+agricola
511,Buschrohrsänger,Acrocephalus+dumetorum
512,Teichrohrsänger,Acrocephalus+scirpaceus
513,Sumpfrohrsänger,Acrocephalus+palustris
514,Buschspötter,Iduna+caligata
515,Steppenspötter,Iduna+rama
516,Blassspötter,Iduna+pallida
517,Isabellspötter,Iduna+opaca
518,Dornspötter,Hippolais+languida
519,Olivenspötter,Hippolais+olivetorum
520,Orpheusspötter,Hippolais+polyglotta
521,Gelbspötter,Hippolais+icterina
522,Streifenschwirl,Helopsaltes+certhiola
523,Strichelschwirl,Locustella+lanceolata
524,Feldschwirl,Locustella+naevia
525,Schlagschwirl,Locustella+fluviatilis
526,Rohrschwirl,Locustella+luscinioides
527,Zistensänger,Cisticola+juncidis
528,Streifenprinie,Prinia+gracilis
529,Riedelsterhäherling,Argya+altirostris
530,Mönchsgrasmücke,Sylvia+atricapilla
531,Gartengrasmücke,Sylvia+borin
532,Sperbergrasmücke,Sylvia+nisoria
533,Klappergrasmücke,Sylvia+curruca
534,Orpheusgrasmücke,Sylvia+hortensis
535,Nachtigallengrasmücke,Sylvia+crassirostris
536,Wüstengrasmücke,Sylvia+nana
537,Dorngrasmücke,Sylvia+communis
538,Provencegrasmücke,Sylvia+undata
539,Sardengrasmücke,Sylvia+sarda
540,Balearengrasmücke,Sylvia+balearica
541,Brillengrasmücke,Sylvia+conspicillata
542,Weißbart-Grasmücke,Sylvia+cantillans
543,Ligurien-Bartgrasmücke,Sylvia+subalpina
544,Samtkopf-Grasmücke,Sylvia+melanocephala
545,Tamariskengrasmücke,Sylvia+mystacea
546,Maskengrasmücke,Sylvia+ruppeli
547,Schuppengrasmücke,Sylvia+melanothorax
548,Sommergoldhähnchen,Regulus+ignicapilla
549,Wintergoldhähnchen,Regulus+regulus
550,Zaunkönig,Troglodytes+troglodytes
551,Kleiber,Sitta+europaea
552,Türkenkleiber,Sitta+krueperi
553,Felsenkleiber,Sitta+neumayer
554,Klippenkleiber,Sitta+tephronota
555,Mauerläufer,Tichodroma+muraria
556,Waldbaumläufer,Certhia+familiaris
557,Gartenbaumläufer,Certhia+brachydactyla
558,Katzenspottdrossel,Dumetella+carolinensis
559,Spottdrossel,Mimus+polyglottos
560,Rotspottdrossel,Toxostoma+rufum
561,Rosenstar,Pastor+roseus
562,Star,Sturnus+vulgaris
563,Einfarbstar,Sturnus+unicolor
564,Schieferdrossel,Geokichla+sibirica
565,Himalajaerddrossel,Zoothera+dauma
566,Halsbanddrossel,Ixoreus+naevius
567,Weidenmusendrossel,Catharus+fuscescens
568,Grauwangen-Musendrossel,Catharus+minimus
569,Zwergmusendrossel,Catharus+ustulatus
570,Einsiedler-Musendrossel,Catharus+guttatus
571,Ringdrossel,Turdus+torquatus
572,Amsel,Turdus+merula
573,Weißbrauendrossel,Turdus+obscurus
574,Schwarzkehldrossel,Turdus+atrogularis
575,Rostflügeldrossel,Turdus+eunomus
576,Wacholderdrossel,Turdus+pilaris
577,Rotdrossel,Turdus+iliacus
578,Singdrossel,Turdus+philomelos
579,Misteldrossel,Turdus+viscivorus
580,Wanderdrossel,Turdus+migratorius
581,Heckensänger,Cercotrichas+galactotes
582,Grauschnäpper,Muscicapa+striata
583,Braunschnäpper,Muscicapa+dauurica
584,Rotkehlchen,Erithacus+rubecula
585,Blaukehlchen,Luscinia+svecica
586,Sprosser,Luscinia+luscinia
587,Nachtigall,Luscinia+megarhynchos
588,Weißkehlsänger,Irania+gutturalis
589,Rubinkehlchen,Calliope+calliope
590,Blauschwanz,Tarsiger+cyanurus
591,Trauerschnäpper,Ficedula+hypoleuca
592,Halsbandschnäpper,Ficedula+albicollis
593,Halbringschnäpper,Ficedula+semitorquata
594,Zwergschnäpper,Ficedula+parva
595,Taigaschnäpper,Ficedula+albicilla
596,Sprosserrotschwanz,Phoenicurus+erythronotus
597,Hausrotschwanz,Phoenicurus+ochruros
598,Gartenrotschwanz,Phoenicurus+phoenicurus
599,Diademrotschwanz,Phoenicurus+moussieri
600,Steinrötel,Monticola+saxatilis
601,Blaumerle,Monticola+solitarius
602,Braunkehlchen,Saxicola+rubetra
603,Schwarzkehlchen,Saxicola+rubicola
604,Pallasschwarzkehlchen,Saxicola+maurus
605,Steinschmätzer,Oenanthe+oenanthe
606,Isabellsteinschmätzer,Oenanthe+isabellina
607,Wüstensteinschmätzer,Oenanthe+deserti
608,Mittelmeer-Steinschmätzer,Oenanthe+hispanica
609,Zypernsteinschmätzer,Oenanthe+cypriaca
610,Nonnensteinschmätzer,Oenanthe+pleschanka
611,Fahlbürzel-Steinschmätzer,Oenanthe+moesta
612,Schwarzschwanz-Steinschmätzer,Oenanthe+melanura
613,Trauersteinschmätzer,Oenanthe+leucura
614,Saharasteinschmätzer,Oenanthe+leucopyga
615,Felsensteinschmätzer,Oenanthe+finschii
616,Schwarzrücken-Steinschmätzer,Oenanthe+lugens
617,Kaukasussteinschmätzer,Oenanthe+chrysopygia
618,Wasseramsel,Cinclus+cinclus
619,Jerichonektarvogel,Cinnyris+osea
620,Haussperling,Passer+domesticus
621,Weidensperling,Passer+hispaniolensis
622,Moabsperling,Passer+moabiticus
623,Feldsperling,Passer+montanus
624,Fahlsperling,Carpospiza+brachydactyla
625,Steinsperling,Petronia+petronia
626,Gelbkehlsperling,Gymnoris+xanthocollis
627,Schneesperling,Montifringilla+nivalis
628,Wellenastrild,Estrilda+astrild
629,Tüpfelastrild,Amandava+amandava
630,Alpenbraunelle,Prunella+collaris
631,Bergbraunelle,Prunella+montanella
632,Steinbraunelle,Prunella+ocularis
633,Heckenbraunelle,Prunella+modularis
634,Schafstelze,Motacilla+flava
635,Zitronenstelze,Motacilla+citreola
636,Gebirgsstelze,Motacilla+cinerea
637,Bachstelze,Motacilla+alba
638,Spornpieper,Anthus+richardi
639,Steppenpieper,Anthus+godlewskii
640,Brachpieper,Anthus+campestris
641,Wiesenpieper,Anthus+pratensis
642,Baumpieper,Anthus+trivialis
643,Waldpieper,Anthus+hodgsoni
644,Petschorapieper,Anthus+gustavi
645,Rotkehlpieper,Anthus+cervinus
646,Pazifikpieper,Anthus+rubescens
647,Bergpieper,Anthus+spinoletta
648,Strandpieper,Anthus+petrosus
649,Buchfink,Fringilla+coelebs
650,Bergfink,Fringilla+montifringilla
651,Kernbeißer,Coccothraustes+coccothraustes
652,Hakengimpel,Pinicola+enucleator
653,Gimpel,Pyrrhula+pyrrhula
654,Rotflügelgimpel,Rhodopechys+sanguineus
655,Wüstengimpel,Bucanetes+githagineus
656,Karmingimpel,Carpodacus+erythrinus
657,Berggimpel,Carpodacus+rubicilla
658,Rosengimpel,Carpodacus+roseus
659,Hausgimpel,Haemorhous+mexicanus
660,Grünfink,Chloris+chloris
661,Chinagrünfink,Chloris+sinica
662,Weißflügelgimpel,Rhodospiza+obsoleta
663,Berghänfling,Linaria+flavirostris
664,Bluthänfling,Linaria+cannabina
665,Taigabirkenzeisig,Acanthis+flammea
666,Polarbirkenzeisig,Acanthis+hornemanni
667,Kiefernkreuzschnabel,Loxia+pytyopsittacus
668,Schottlandkreuzschnabel,Loxia+scotica
669,Fichtenkreuzschnabel,Loxia+curvirostra
670,Bindenkreuzschnabel,Loxia+leucoptera
671,Stieglitz,Carduelis+carduelis
672,Zitronenzeisig,Carduelis+citrinella
673,Rotstirngirlitz,Serinus+pusillus
674,Girlitz,Serinus+serinus
675,Erlenzeisig,Spinus+spinus
676,Spornammer,Calcarius+lapponicus
677,Schneeammer,Plectrophenax+nivalis
678,Grauammer,Emberiza+calandra
679,Goldammer,Emberiza+citrinella
680,Fichtenammer,Emberiza+leucocephalos
681,Zippammer,Emberiza+cia
682,Steinortolan,Emberiza+buchanani
683,Türkenammer,Emberiza+cineracea
684,Ortolan,Emberiza+hortulana
685,Grauortolan,Emberiza+caesia
686,Zaunammer,Emberiza+cirlus
687,Wüstenammer,Emberiza+striolata
688,Zwergammer,Emberiza+pusilla
689,Gelbbrauenammer,Emberiza+chrysophrys
690,Waldammer,Emberiza+rustica
691,Gelbkehlammer,Emberiza+elegans
692,Weidenammer,Emberiza+aureola
693,Rötelammer,Emberiza+rutila
694,Kappenammer,Emberiza+melanocephala
695,Braunkopfammer,Emberiza+bruniceps
696,Maskenammer,Emberiza+spodocephala
697,Rohrammer,Emberiza+schoeniclus
698,Fuchsammer,Passerella+iliaca
699,Singammer,Melospiza+melodia
700,Dachsammer,Zonotrichia+leucophrys
701,Weißkehlammer,Zonotrichia+albicollis
702,Winterammer,Junco+hyemalis
703,Grasammer,Passerculus+sandwichensis
704,Rötelgrundammer,Pipilo+erythrophthalmus
705,Reisstärling,Dolichonyx+oryzivorus
706,Baltimoretrupial,Icterus+galbula
707,Braunkopf-Kuhstärling,Molothrus+ater
708,Pieperwaldsänger,Seiurus+aurocapilla
709,Drosselwaldsänger,Parkesia+noveboracensis
710,Blauflügel-Waldsänger,Vermivora+cyanoptera
711,Kletterwaldsänger,Mniotilta+varia
712,Weidengelbkehlchen,Geothlypis+trichas
713,Rotschwanz-Waldsänger,Setophaga+ruticilla
714,Tigerwaldsänger,Setophaga+tigrina
715,Meisenwaldsänger,Setophaga+americana
716,Braunkehl-Waldsänger,Setophaga+castanea
717,Fichtenwaldsänger,Setophaga+fusca
718,Goldwaldsänger,Setophaga+petechia
719,Gelbscheitel-Waldsänger,Setophaga+pensylvanica
720,Streifenwaldsänger,Setophaga+striata
721,Kronenwaldsänger,Setophaga+coronata
722,Kanadawaldsänger,Cardellina+canadensis
723,Mönchswaldsänger,Cardellina+pusilla
724,Sommerkardinal,Piranga+rubra
725,Scharlachkardinal,Piranga+olivacea
726,Rosenbrust-Kernknacker,Pheucticus+ludovicianus
727,Indigofink,Passerina+cyanea
728,Alpenbirkenzeisig,Acanthis+cabaret
